,norm_train_loss,norm_valid_loss,train_loss,valid_loss
0,0.3658366640206447,0.007356803058288419,0.36038128973385475,0.0069436258636415005
1,0.008290300418452993,0.0065865650987968994,0.019795351146652714,0.006923124086684906
2,0.0024412572416039544,0.0007365252912187806,0.009852741582204677,0.002382766016615698
3,0.001143959115802192,0.0006511021839777151,0.0038917840422032267,0.0013157993223733054
4,0.0008306156683749215,0.0006634336314164102,0.0021495154028623132,0.0010672865341453312
5,0.0006284880341231329,0.000586877767301093,0.001661629308738314,0.0010688112054664928
6,0.000515313938038825,0.00036733931763312564,0.0013771772783967619,0.0007877798231605154
7,0.00043824681570336677,0.00027005128000522603,0.0011844863899197824,0.0008115011307661637
8,0.00037931648513317645,0.00027308188593731477,0.0010496527356532658,0.0008420569759507019
9,0.000340338091131876,0.0002464864704122122,0.0009652810456106366,0.0006847821160380801
10,0.00030308887967068023,0.00020243220037977712,0.0008897217105704688,0.0007120308772965262
11,0.0002751986180832198,0.00019937022667503558,0.0008183634653297258,0.0006006656543692001
12,0.0002572706461406843,0.00014215819660771207,0.0007625644182390923,0.0005517702263135177
13,0.00023474896901341165,0.0001813899977535654,0.000716364002063371,0.0005830679796277904
14,0.00021959658492181594,0.0001602258822598602,0.0006764945431024502,0.0005923170012045795
15,0.00020602731132565982,0.00013318631597660267,0.0006423082600045928,0.0005135741241527005
16,0.00019483672860477283,0.00012303561687496348,0.0006141808672870545,0.0004583946272480087
17,0.0001813131652676593,0.00013767112278191445,0.0005826880119990703,0.000462272636538658
18,0.00017418823197216455,0.0001537210549801015,0.0005446423156324815,0.000492598194306573
19,0.00016354196392178526,0.00011588760473666928,0.00054090375512547,0.00036362612557310896
20,0.00015455761286674468,0.0001253699133835303,0.0005228847291908492,0.0003426091470128785
21,0.00014581491300631676,8.427383587471783e-05,0.0005032040558263722,0.0004439002838737976
22,0.0001396701246042072,0.00011338856795471377,0.00047528780782179044,0.0003663171256238666
23,0.00013374738930338654,7.538823984549918e-05,0.0004636882508418122,0.00038394946246766125
24,0.0001269226846910977,8.726130741146895e-05,0.00045664497054775124,0.0004161136424115214
25,0.00012251360070002806,8.393423461082141e-05,0.0004324545144355809,0.00033345768035640224
26,0.0001170378972603219,8.720891240115564e-05,0.00042441065631957736,0.00025143130467488215
27,0.00011413022472995245,8.735185936250043e-05,0.00039998950227293804,0.0003223451640224084
28,0.0001105879936257933,6.834553893825684e-05,0.00039450368598785104,0.00026497384981037333
29,0.00010622456377643567,7.716065374552272e-05,0.0003897412572779261,0.00022073029350184908
30,0.00010290926713715127,6.804995609854814e-05,0.00037428442087654,0.0002755577532717815
31,9.917042281501798e-05,7.089187770011798e-05,0.00036446476165288486,0.00023164052142349718
32,9.69272072154267e-05,6.029349032570071e-05,0.00034982522129466207,0.0001954707544288025
33,9.442528121502046e-05,6.318798156056661e-05,0.00033376664124876675,0.0002684315662078846
34,9.144674598281813e-05,6.036638114892412e-05,0.00033587757337060576,0.00020128028700128198
35,9.06645012675342e-05,5.785957154540274e-05,0.00032936219501897025,0.00019598632094969688
36,8.764088572950349e-05,5.544730839364302e-05,0.0003053165145293815,0.00020314801356737287
37,8.40467344972727e-05,4.98390791807861e-05,0.0002994175748177674,0.00017645076709763648
38,8.381034576965017e-05,5.978941562016889e-05,0.000281998734090701,0.0001949371883081487
39,8.018863722984293e-05,5.823338324262295e-05,0.00027729479351156394,0.00016263882851210207
40,7.993389524082725e-05,5.520794477958519e-05,0.00027807892541473927,0.00017995881017458698
41,7.631982687860084e-05,5.8010651628137566e-05,0.0002638934952123663,0.00015207340038614348
42,7.60206083073448e-05,4.664826904515324e-05,0.00025754968255924777,0.00013593741291865276
43,7.469247831967506e-05,6.472610360875618e-05,0.0002471924537998317,0.00016036266634518353
44,7.216025370421423e-05,6.550684436381114e-05,0.0002550833969761997,0.00014600341763490668
45,7.049905558152752e-05,4.870035165647725e-05,0.0002494902967367394,0.00014952141897923028
46,6.930696722846838e-05,5.2547246573689896e-05,0.00024632349878279025,0.0001332606046232216
47,6.757821029168554e-05,4.566993489928651e-05,0.00023561625581432406,0.00013258534678383372
48,6.630224357368759e-05,6.909924937085285e-05,0.00022969483615773307,0.00013667283956937565
49,6.584885033479125e-05,5.331688603641501e-05,0.00023785648462960922,0.00013449987594727785
50,6.376277533038558e-05,5.033872212851957e-05,0.00021927241302959038,0.0001550802055414981
51,6.24126982104962e-05,3.920577511542853e-05,0.00022075477362852337,0.00014516896184292049
52,6.656369009635344e-05,5.003073196208928e-05,0.00020735670057029135,0.0001215387598606937
53,6.146735241343987e-05,4.3928371199469366e-05,0.00022266449706886463,0.00015615854443659863
54,5.887653857137678e-05,3.853899327693328e-05,0.00021594130761229418,0.0001422520309950834
55,5.957091201888848e-05,5.1422472097328864e-05,0.0002104361575632096,0.00012880691932738185
56,5.8523383949406043e-05,3.748641777817214e-05,0.0001919700906549544,0.00012546306215181874
57,5.566565853653563e-05,4.698167406156874e-05,0.00019347259899023817,0.00012678181631669687
58,5.800916402644442e-05,5.012730280913484e-05,0.00019071665631513522,0.00015719219356049926
59,5.5582238195138565e-05,4.410516969353641e-05,0.00018899505853089738,0.00013659781465181508
60,5.490540055920195e-05,4.1986145683600065e-05,0.00020217758585671587,0.00013230126653350174
61,5.329041642497695e-05,4.819732426907509e-05,0.0001796218663744769,0.00013139781283546024
62,5.33848911870653e-05,6.297316324959796e-05,0.00017323889642792582,0.00012445075257206694
63,5.230518082342978e-05,4.291328933994429e-05,0.00017452507570689003,0.00012416237642845282
64,5.2201678718421584e-05,4.1204430160108204e-05,0.00017182590269520045,0.00012220762773022914
65,5.3235775239502585e-05,3.5597670690689345e-05,0.0001762698194097894,0.00012481513336891882
66,5.094881590940727e-05,4.82476491295249e-05,0.00017928682710239196,0.00012042499460781422
67,5.083457055149178e-05,4.168953210654973e-05,0.00016716384834072724,0.00011665466976969932
68,5.004292591199992e-05,3.958546172865541e-05,0.00016540379492551683,0.0001263436122546689
69,4.8709695076056015e-05,5.3748900077502745e-05,0.0001723717553193119,0.00012087055606221278
70,4.816368624303639e-05,4.294583127025712e-05,0.0001583135308464989,0.00011945879305130802
71,4.734678827216514e-05,3.932721686466651e-05,0.00015782752317700316,0.00011362319072269692
72,4.7012650742223206e-05,4.0821722555287684e-05,0.000163409036433639,0.00012900980268918478
73,4.647909400718369e-05,4.748169354010875e-05,0.00023846197311601253,0.00015540857090784883
74,4.719042932989014e-05,4.908724552548777e-05,0.00017292554032248732,0.00020579350278309832
75,4.7454341236426035e-05,5.4246515831507095e-05,0.00018425738787234308,0.00011828769465165141
76,4.618290633455855e-05,3.8937903949632666e-05,0.0001698161653641679,0.00011753576472983696
77,4.494820526041778e-05,3.938148872223862e-05,0.00015481734370641076,0.00011619656876204177
78,4.418989621465884e-05,4.293554607451929e-05,0.0001526452396822672,0.0001216574172968439
79,4.472850406217937e-05,4.4675850753824656e-05,0.00015632175318031785,0.00012683055963582144
80,4.485101135036309e-05,3.207369319660267e-05,0.00017526082106925775,0.00011802574898375987
81,4.343360289054967e-05,5.3568307311462166e-05,0.00014866328745880087,0.00011672867885163914
82,4.2942430357254515e-05,4.8586393929256774e-05,0.0001459612712955399,0.00011917795116180339
83,4.239119587921813e-05,4.244703408263516e-05,0.00014423588834678255,0.00012165723120023568
84,4.487541278167203e-05,4.217432111685272e-05,0.00014482002884836338,0.00011716206678941559
85,4.2881581222237147e-05,4.305470646123957e-05,0.00014368439600191614,0.00011518648842376514
86,4.235471816720938e-05,5.509252486472878e-05,0.000144481557763153,0.0001237059474918239
87,8.602476158135607e-05,4.99077832500916e-05,0.0001419337892592052,0.00012389586565684742
88,4.5526100063162025e-05,6.07980451045128e-05,0.00015893337187063283,0.00012751019060557993
89,4.2903393638694597e-05,5.053094061552726e-05,0.0001472783905477393,0.00012173113002343319
90,4.1203384291836016e-05,4.834482024307363e-05,0.00014041899000235975,0.00011474332663615664
91,4.028993002196918e-05,3.941906561522046e-05,0.00014138664419739377,0.00011916806313540571
92,4.044552356164223e-05,4.602270928444341e-05,0.0001392193358422741,0.00012750028215053206
93,3.9555864416732384e-05,4.875243366069089e-05,0.000136487972164948,0.00012440682061983703
94,3.980058163355583e-05,4.714276768097009e-05,0.00013624949200441748,0.0001331781859335024
95,3.945944738599732e-05,5.0214640605890265e-05,0.00014663806863782105,0.0001438619468759638
96,3.901396928352204e-05,5.3516187948004627e-05,0.00015095558416491176,0.0001232559239164962
97,3.922901330610611e-05,5.466357638047507e-05,0.00013765581201745052,0.00012887469263380178
98,3.824084270988316e-05,4.924256385353286e-05,0.0001342315317844379,0.00011607548423433819
99,3.8562287522710794e-05,4.559945381725601e-05,0.0001333972684113574,0.00012574789406454118
100,3.85493463276241e-05,5.454039203938849e-05,0.00013400866830846369,0.00012842570784134575
101,3.7725434795897374e-05,4.1189885101070664e-05,0.000135312698153563,0.0001292999273013825
102,3.7669229244362135e-05,5.085929156988501e-05,0.00013233443424424322,0.00013997024982997502
103,3.792453244185713e-05,4.941111057213185e-05,0.0001332208555430439,0.0001338024390301703
104,3.7734707541592056e-05,6.088725282237507e-05,0.00013758711738468996,0.00018065804705167047
105,3.7149816624211144e-05,4.5680203654158576e-05,0.00016975995781928999,0.00013886623156185335
106,3.652110981972996e-05,4.065960099698994e-05,0.0001358172847979114,0.00012199493078067183
107,3.699870341623367e-05,4.824758392575089e-05,0.00013204181217913667,0.0001226145325815126
108,3.730499669050834e-05,5.007545419525391e-05,0.0001296476938117259,0.00012683800881719575
109,3.731748347993276e-05,3.737720530457759e-05,0.00012864730508338565,0.00012746580166724295
110,3.8941368190600606e-05,4.3627859947894016e-05,0.00013774166144781835,0.00013332098275826027
111,3.693185863085091e-05,4.6695941189402496e-05,0.0001351772527068635,0.00013167977298368127
112,4.39272775995392e-05,4.3685511417816786e-05,0.0001292342465847611,0.000134820907428198
113,3.6681605349926764e-05,5.271496327343182e-05,0.00012826569760953174,0.00011868714556420365
114,3.583080971257205e-05,5.007898387423036e-05,0.0001312517154540388,0.00012589972399067707
115,4.122645862465493e-05,3.158276530694611e-05,0.00015135224405045272,0.00012749242439615325
116,3.6602085559964644e-05,4.711979062659129e-05,0.00012754236608769683,0.0001298106807763151
117,3.558514729961116e-05,5.2687052700023814e-05,0.0001270200426504276,0.00013533609811789714
118,3.547575928155688e-05,4.701096594754535e-05,0.00012634394548696143,0.00012453233956386193
119,3.785700750518243e-05,5.17072222954504e-05,0.00012555532163518283,0.00012916800187667832
120,3.508451669976998e-05,4.511091803858737e-05,0.0001556922359048654,0.00014031811504257628
121,3.424230730040475e-05,4.03461558912218e-05,0.00013043515306316035,0.00012863127323306308
122,3.4373334579184864e-05,4.487411794028818e-05,0.00012851060077407548,0.0001315699035051064
123,3.445754110086671e-05,4.578913439427897e-05,0.00012639484404197338,0.00013569991530787846
124,3.406270213583703e-05,4.5465407730751816e-05,0.00012714276468288934,0.00012350347466193713
125,3.3985520244716895e-05,4.6346471208380535e-05,0.00013186708152035313,0.00012855742114390104
126,3.344746355601047e-05,4.964695626068323e-05,0.00012761257172142046,0.00012663348724555151
127,3.454373537095518e-05,4.643380186910061e-05,0.00012765823644436322,0.00012379704835788847
128,3.346683455704942e-05,4.3070304295374976e-05,0.00012268726411535712,0.00012738065841124178
129,3.33898892048994e-05,4.9310140988941734e-05,0.00012406967829895992,0.00012906007032142952
130,3.361717316195644e-05,4.707237153175251e-05,0.00012312932502118708,0.00012463272371230862
131,3.304644572516892e-05,3.982445937603748e-05,0.00012409363723475116,0.00012405757661326788
132,3.5984655987302184e-05,4.362708582798055e-05,0.00012152765355383139,0.00012729605245672597
133,3.3100221368152316e-05,4.230034615969859e-05,0.00012125683176170582,0.00013268416268357003
134,3.3320206208141694e-05,4.9432791806444024e-05,0.00012294915235258624,0.00011742191250400188
135,3.30124698722901e-05,4.4249748008531664e-05,0.00013142912935591746,0.00012839470274719552
136,3.258044412604807e-05,4.304287834272075e-05,0.00012282150386677869,0.0001339257958954057
137,3.290774233623e-05,4.476765123119829e-05,0.00013127401163027616,0.00013595822467603005
138,3.4182950872310455e-05,4.2246256480911354e-05,0.00015026764932326588,0.00012556397856454938
139,3.275720049694337e-05,5.01795953963525e-05,0.00012556057867715032,0.00013609064374647389
140,3.3263678137725603e-05,3.539601780525677e-05,0.00012190846213566883,0.000133952963761448
141,3.9871201505328176e-05,3.7856370769217254e-05,0.0001207523191979873,0.00013004850328658134
142,3.2923025118385815e-05,4.2797073967029486e-05,0.00012077969901264364,0.00012589631940220267
143,3.197136244346524e-05,4.482172055129642e-05,0.00012021998798587833,0.00013633755700609
144,3.1990141685042615e-05,4.55495583782277e-05,0.00012274816611621727,0.0001286649824648451
145,3.113812154623003e-05,3.8652418739869834e-05,0.0001199210635188046,0.00013212831897992425
146,3.1349863037782164e-05,4.31375503747124e-05,0.00011918773298173253,0.00012642509738305726
147,3.1480194276749626e-05,4.589979009604296e-05,0.00011828114856138576,0.00013334125077772813
148,3.195449748724179e-05,4.184244195270227e-05,0.00013251201622480754,0.00013523378332208196
149,3.104785862898143e-05,4.19719396562029e-05,0.0001242762927324303,0.0001347766866764197
150,3.080519415677438e-05,4.293189137500191e-05,0.0001291889633821433,0.0001239207334807501
151,3.0585859982359216e-05,4.173717248844556e-05,0.00011897055444719957,0.00013843645109983088
152,3.108817513723239e-05,4.881433359024903e-05,0.00011847674983713578,0.00014383398033365107
153,3.0953541209476486e-05,4.06383854939262e-05,0.0001169397262287295,0.00012882727661725276
154,3.1741693896821634e-05,3.727898337484266e-05,0.00011722518425996093,0.00013166942013552986
155,3.1187702051942105e-05,4.3923331619365715e-05,0.00011598379498343737,0.00012032084739005838
156,3.0503484861417454e-05,3.744087804919288e-05,0.00011538764468053428,0.00013104136227271878
157,3.0570326184690546e-05,4.036704852366641e-05,0.00011615982942065932,0.00012390355606420108
158,3.079765106900917e-05,3.8912871297305595e-05,0.00011879157377556538,0.0001285721129813912
159,3.079281952663856e-05,4.6369944986788774e-05,0.0001220901511504195,0.00011037690134029477
160,3.0487874289331393e-05,4.16615703215939e-05,0.00012656816194554551,0.00012279929684994457
161,3.09323945079669e-05,4.5413480620482005e-05,0.0001244895566594995,0.00012119232633267529
162,3.069326530698846e-05,4.0578850530437194e-05,0.00011987350192525835,0.00012108023880640618
163,3.1896316769480764e-05,4.324992250286204e-05,0.00011501015271593468,0.00012408297558207638
164,2.9709336684501564e-05,4.274294594954252e-05,0.00011516328217437642,0.00014529230583530778
165,2.9803626311657365e-05,3.810604203653593e-05,0.0001158168659193959,0.00013727229592264988
166,3.0148411823680382e-05,3.8629367246847745e-05,0.00011394298122447847,0.00013096900063548953
167,2.9717909335343678e-05,3.876817726659983e-05,0.0001141307384082033,0.00013329170570404341
168,2.9520586776824987e-05,4.3007975434123254e-05,0.00011398466484014377,0.00012716525424576292
169,5.500654321386111e-05,4.865769523558601e-05,0.00014054531568655478,0.00011604757841828709
170,3.333738636708971e-05,4.787208952341014e-05,0.00012003589058850954,0.00012667555347434245
171,3.267718213806521e-05,3.795657924526425e-05,0.00011377541045349368,0.00012520405848940404
172,3.1218369429412e-05,4.589691231488429e-05,0.00011322340208470598,0.00011714418304528898
173,3.0225930378585154e-05,4.477386769744603e-05,0.00011244306471536987,0.00012639309604240296
174,2.9982115948311945e-05,3.8114154589353486e-05,0.00011212828908685995,0.00011756246581521387
175,2.967028640391844e-05,4.337468565678976e-05,0.0001119983912326588,0.0001156816763866048
176,2.9513350847027348e-05,3.7122623815286294e-05,0.00011238224197773513,0.000121485525036965
177,2.965031463389307e-05,4.277050405877302e-05,0.00011253246863394736,0.00012058994756304086
178,2.9250678476248483e-05,4.315138525831012e-05,0.00011892462230232862,0.00012395493495904913
179,2.9061497297238953e-05,4.463729321567091e-05,0.00011386729632722156,0.00011829466417951223
180,2.9342272526927703e-05,5.010565795461074e-05,0.00011288991287612751,0.00011873284809273452
181,3.0478300345120616e-05,4.4219537812750787e-05,0.00012747971921871082,0.0001417415190259747
182,2.9146859108334347e-05,4.6719338290411266e-05,0.00011950627800341248,0.00012152429357788955
183,2.8850899583208875e-05,3.806232878280123e-05,0.00012742092291656725,0.00011700563370071065
184,2.898936863907919e-05,3.8770056632459345e-05,0.00011320579154387653,0.00011909588619556207
185,2.879347874575876e-05,4.4193826537453926e-05,0.00011130529826548595,0.0001236568174275677
186,2.9182582256305083e-05,4.2512724926032555e-05,0.0001114524456470107,0.00011724687731027818
187,2.8609361557876215e-05,4.017882838525111e-05,0.00011022562814216968,0.00012072327948632077
188,2.859212031706303e-05,4.349055745059069e-05,0.00011321259637307324,0.00011880361965338055
189,2.8543798954004823e-05,3.834186547744768e-05,0.00011163892148988706,0.00010538821739968486
190,2.8989093690288627e-05,4.240100259686677e-05,0.00011177591114680871,0.00011279676478947155
191,2.9176672847141725e-05,3.7360626755309146e-05,0.00011129174289223998,0.00012017351512510616
192,2.953882780355705e-05,3.978458726823401e-05,0.00010955618675238864,0.00011231113211789097
193,2.9013813203551232e-05,4.34807293808822e-05,0.00012574233858167797,0.00012177489183019273
194,2.8988437396901895e-05,4.43719047605275e-05,0.00011676769820204546,0.00011612023137366542
195,2.7946838770590425e-05,3.9239549760867914e-05,0.0001119604669904789,0.000126450404562862
196,2.817979762284825e-05,4.577730312750926e-05,0.00011417604075593864,0.00011665377370753468
197,2.820332310021307e-05,3.987700004542533e-05,0.00011077403119266392,0.00011440390237392142
198,2.833484163677779e-05,4.274113696458069e-05,0.0001092125728252271,0.00012081816301081114
199,2.801646004230439e-05,4.729570005460678e-05,0.00010871269323768136,0.00012103841464312818
200,2.8022751052330378e-05,4.876102068989824e-05,0.00011041547102588958,0.00011595964315347373
201,2.8778027114152874e-05,3.924858985835901e-05,0.00010867373056595302,0.00011971739989418823
202,2.8016935672859587e-05,4.2326747461629566e-05,0.00010818710155406572,0.00011463898744505759
203,2.7792081996192e-05,4.3224626446877104e-05,0.0001169267788653941,0.00015012362760339433
204,2.804750321695526e-05,4.432332277177081e-05,0.00013185028511446812,9.956475458658623e-05
205,2.8325350351063394e-05,3.7818124767979425e-05,0.00011808013746888226,0.00011713103790848087
206,2.76818446859554e-05,4.174493719452025e-05,0.00011015283643393569,0.00010555542590177189
207,2.776741486680932e-05,4.406182863301812e-05,0.00010957168348526384,0.0001196505696638129
208,2.777969397990212e-05,3.8809994923492646e-05,0.00010803411826514119,0.0001172295283490362
209,2.7793414335582438e-05,4.605002336924931e-05,0.00010802598488266716,0.00011984879417398658
210,2.7745346239162093e-05,3.6561971193385456e-05,0.00011316044011391315,0.0001033022079075006
211,2.7566714932377005e-05,4.568149667577997e-05,0.00011872243622396604,0.0001115360467408139
212,2.738000384048084e-05,3.940223667506451e-05,0.00011017470044267946,0.00011660706989529829
213,2.7466465225645846e-05,4.224733975906229e-05,0.00010807692439034555,0.00011681411874283534
214,2.7130250058066775e-05,4.15078535437575e-05,0.00011082388288370728,0.000134286225287584
215,2.7208398581260253e-05,3.677666021618419e-05,0.00011489257177756839,0.00010623702921573288
216,2.757684304527662e-05,2.9510657371317324e-05,0.00011197662168942059,0.00010619748830392312
217,4.3674579682278845e-05,3.6423870859345276e-05,0.00010999902512884032,0.00011245124775226801
218,2.901129395850048e-05,4.310489468760072e-05,0.00010691378338378854,0.00011187585494973554
219,2.800877603310873e-05,4.140366385959519e-05,0.00010629087548254853,0.00010862639604825884
220,2.785250624141383e-05,3.726694138514666e-05,0.00010635848557082259,0.00011738998364307918
221,2.9442507083788554e-05,4.398301657951938e-05,0.000108978265914162,0.00010829450072308716
222,2.8025944036986675e-05,4.4815076902383364e-05,0.0001067129608971137,0.00010795914092271302
223,2.750395530072949e-05,4.387901208247058e-05,0.00010889204715781158,0.00011332283919238343
224,2.7191815819635986e-05,4.700770575884515e-05,0.00010703997799912701,0.00010717034932055797
225,2.713413617818247e-05,3.9173652392212083e-05,0.00010608127075244214,0.00011362841290135223
226,2.75571670117743e-05,4.3249289704432995e-05,0.00010591988056194422,0.00010786451261642818
227,2.7498616672351567e-05,4.0582766604739634e-05,0.00010664533593174194,0.00011702338955588997
228,2.6846782950178246e-05,4.133075666546714e-05,0.00011891565769250692,0.00011427050720577917
229,2.6732253081215745e-05,4.031725480812244e-05,0.00010961576099260372,0.00010443974791157346
230,2.6593624411537684e-05,4.0798333289925584e-05,0.00010718213828077654,0.00010858561402598683
231,2.686307716581492e-05,4.4276240189971686e-05,0.0001058499168436493,0.00010539403368826382
232,2.6725906953800892e-05,3.7239860550751196e-05,0.00010598490262461316,0.0001061522615110824
233,2.645391630229427e-05,4.103200556598425e-05,0.00010489270358681991,0.0001066967278557758
234,2.6755408555031586e-05,4.3852172334132214e-05,0.00010505009382978139,0.00010467140600667335
235,2.6431835584899793e-05,3.508197649073107e-05,0.00010727898093111495,0.0001005043251587687
236,2.637934454539707e-05,3.9358935842196493e-05,0.00011197367618666889,9.949622625964157e-05
237,2.6716121403839394e-05,4.506056197547318e-05,0.0001083263949051762,0.00010212136140370813
238,2.8046738884642654e-05,4.09735582182363e-05,0.00011022851710382058,0.00010060552169586747
239,2.6512645515708126e-05,4.080774474109953e-05,0.0001221426454367501,0.00010351006662508902
240,2.7923816228721185e-05,3.914959779649507e-05,0.00010875016301704503,0.00010028490130655252
241,2.6850032775740986e-05,3.991763745803977e-05,0.00011709772035584905,9.665400858256572e-05
242,2.6321985357618203e-05,3.986998637209091e-05,0.0001098262547105928,0.00013613872859143437
243,2.6343962719230797e-05,4.114605186399646e-05,0.00011392046099752396,0.00010244050449378286
244,2.6655944013569018e-05,4.1783997683244074e-05,0.00010593872301588772,0.00010604394041225672
245,2.617375462979094e-05,3.834420336855916e-05,0.00010490226175625647,0.00010964602384214791
246,2.610858326441112e-05,4.4600585449818304e-05,0.00010450135380895965,0.00010952917727991007
247,2.5986836298723586e-05,4.320560485491744e-05,0.00010405921089617723,0.00010514272519055969
248,2.6009679926403036e-05,4.1991418094347376e-05,0.00010457733460193417,0.00010922038787752032
249,3.067756711187141e-05,3.7645934263799485e-05,0.0001039872081822185,0.00011908809728293608
250,2.7885578433421534e-05,4.761372348674251e-05,0.00010363553239240092,0.0001034192257345869
251,2.977343642393073e-05,3.9272873506818614e-05,0.00010339501854074551,0.00010533407000296463
252,2.6926798585597142e-05,3.886379524304245e-05,0.00010338844707061396,0.00010485419289370139
253,2.6880350243967496e-05,4.160916978435125e-05,0.00010725268864855899,0.00010648655174568725
254,2.6579822291781193e-05,3.4101164671413316e-05,0.0001114320617672199,0.00010243408961776787
255,2.5891573291144252e-05,3.997924495007073e-05,0.00011316926694798996,0.0001008472830178037
256,2.578979117126276e-05,4.017493616769431e-05,0.00011521002184892302,9.978886681402891e-05
257,2.5944414184617204e-05,3.789739835505875e-05,0.0001074614008544234,0.00010083975492027373
258,2.5891085324625007e-05,3.907701892995437e-05,0.00010463082404822169,0.00010050256969407201
259,2.581477322700422e-05,3.764926364405815e-05,0.00010764288764632978,9.75542984983454e-05
260,2.5899515611909712e-05,4.046132408592921e-05,0.00011890685530808655,9.43641664959544e-05
261,2.563586660964062e-05,3.7916100994222616e-05,0.00010853649655473419,9.583683458913583e-05
262,2.576794157104402e-05,3.824481525673316e-05,0.00010487786416964626,9.568028774363204e-05
263,2.5504627539190973e-05,3.9036179749438394e-05,0.00010384366605801549,9.813950614793262e-05
264,2.5721039984488437e-05,4.029195371493608e-05,0.00010333076894901792,9.673410428289432e-05
265,2.5701056205113135e-05,4.104786141677043e-05,0.00010321563647200832,0.00010019358551989381
266,2.5742295935908552e-05,3.9786102906173954e-05,0.00010314137999969274,0.00010333711795213346
267,2.5688407641202944e-05,3.964799928396063e-05,0.00010386407802544154,9.95744180377537e-05
268,2.5441185047866735e-05,3.9389630308925494e-05,0.00010491298279850535,0.00010072641956727378
269,2.5590026317979853e-05,3.693899592550364e-05,0.00010900236990165574,0.00010036134825405988
270,2.55997778799736e-05,3.979447284599211e-05,0.00010684521500311932,9.807918118335343e-05
271,2.5527031971376455e-05,3.7145555674774536e-05,0.0001035590551474246,9.595787672039408e-05
272,3.42131941287842e-05,3.95543572896993e-05,0.00010327877119598473,9.399316149938386e-05
273,2.7078091727805423e-05,3.959567192606091e-05,0.0001042655366692398,0.000113204232408092
274,2.6185781084250617e-05,4.298513305492144e-05,0.00010342161588509978,9.764267060046013e-05
275,2.7890027751850262e-05,3.875951663828276e-05,0.00010897653604507727,9.92170637171232e-05
276,2.60545116286382e-05,3.872153921782648e-05,0.00010467016191954084,9.50602523237019e-05
277,2.61391299906253e-05,3.7880960847430215e-05,0.0001028521717407327,9.841905823402788e-05
278,2.5944148210177676e-05,3.840799497713586e-05,0.00010195071563074578,9.665451985851038e-05
279,2.534171326562038e-05,3.735777318070177e-05,0.00010295793390214995,9.700155239373159e-05
280,2.5781415810423276e-05,4.011039709439501e-05,0.00010407507313414107,9.900575661539243e-05
281,2.553136397001349e-05,3.998584137522042e-05,0.00010376986565410457,9.459193097427487e-05
282,2.606429766600846e-05,4.1877814650293796e-05,0.0001052965568133055,9.926339575590995e-05
283,2.6048110785821094e-05,3.944416081279857e-05,0.00010271300271094267,9.616295784116328e-05
284,2.556605672580994e-05,3.970553762673472e-05,0.00010242125874010627,9.82952531977879e-05
285,2.5466346560479902e-05,3.718436094529282e-05,0.0001016242110975901,9.801186668202997e-05
286,2.5171133534536114e-05,3.5850844212221163e-05,0.00010205347280134447,9.781226169882127e-05
287,2.5258052209617303e-05,3.735502538732432e-05,0.00010817241525718443,9.986676097749016e-05
288,2.502162243413722e-05,3.7789914970814534e-05,0.00010679487488801622,0.00010180424075000561
289,2.5324185684721115e-05,4.255194653524086e-05,0.00010330886772720601,0.00010304143506800756
290,2.5173424486367054e-05,3.9948996485551245e-05,0.00011768358601136887,0.00010259906412102282
291,2.5216918316871077e-05,4.1097486176183266e-05,0.00010829996917586691,0.00010655591652791302
292,2.4943565563890487e-05,3.496713501450498e-05,0.00010541944517659715,9.7199202243176e-05
293,2.4998369930803746e-05,3.87302685479741e-05,0.00010871293805942834,9.849465711270638e-05
294,2.5232945507878207e-05,3.4613672631586756e-05,0.00010848791872534261,9.048526897878709e-05
295,2.5732252390941704e-05,3.994527336404784e-05,0.00010282711187938837,9.490934966239505e-05
296,2.5333869326052523e-05,3.903364729642188e-05,0.00010435810995837101,9.813224628137854e-05
297,2.4955516469991927e-05,3.5236344536735065e-05,0.00010520034141961469,9.707138059848848e-05
298,2.5094075729144778e-05,3.723352319166924e-05,0.0001098042315453572,8.914590930194558e-05
299,2.6488056421975827e-05,5.5048958809213495e-05,0.00010277232424373603,9.458630050245959e-05
300,2.8287181215076475e-05,3.806479855064446e-05,0.0001017598010675706,9.337232852256141e-05
301,2.5154835836690445e-05,3.8297653400849624e-05,0.00010889894702158317,9.763866350672637e-05
302,2.5262991665292966e-05,3.642308918362967e-05,0.0001048937222412098,9.525846438079428e-05
303,2.6598132927519352e-05,4.975088547955518e-05,0.00011232161410569145,0.0001920764286926267
304,2.812453374504279e-05,3.7030692790442394e-05,0.0001275927205108283,9.980581391853496e-05
305,2.573175388734848e-05,3.7710927454799486e-05,0.00011010419450295106,9.66376985441177e-05
306,2.505775424671901e-05,3.247465463993229e-05,0.00010509752352119101,9.354245496349625e-05
307,2.535281642718795e-05,3.956700626216704e-05,0.00010451082684156256,9.628437650322806e-05
308,2.520263201931912e-05,3.5944930109858084e-05,0.00010185242998322691,9.35976292496959e-05
309,2.5012417403086748e-05,3.547832350774955e-05,0.00010148688816929147,9.115247834975329e-05
310,2.4786879726105435e-05,3.312140240898141e-05,0.00010092484936451112,9.64504472974043e-05
311,2.487393210193262e-05,3.6943970581677815e-05,0.00010073466642123034,9.281400847472608e-05
312,2.4675121017151578e-05,3.492331597954035e-05,0.00010878930415297396,8.994423744577664e-05
313,2.4485734603879073e-05,3.6837874246814936e-05,0.00010211914937501622,9.112773141868484e-05
314,2.448087773635213e-05,3.502273074655722e-05,0.00010202585060380961,9.13365719707844e-05
315,2.4469351448705264e-05,3.511027387923185e-05,0.00010096773757796355,8.985739119592696e-05
316,2.435912771054154e-05,3.426316134909239e-05,0.00010061222002155397,8.959292384903305e-05
317,2.435886541427948e-05,3.685880577764832e-05,9.99791797396191e-05,9.100528642682967e-05
318,2.422943155514237e-05,3.628527604003186e-05,0.00010054485792555592,9.007073066851053e-05
319,2.428560428447103e-05,3.912135847573294e-05,9.980893292020116e-05,9.230894130059124e-05
320,2.4452306191438234e-05,4.078520410425531e-05,9.99771037341262e-05,9.317713346927821e-05
321,2.4393862348317762e-05,3.369910238968889e-05,0.00010046157343283832,8.984429517183274e-05
322,2.4822851025434443e-05,3.5722802329893544e-05,9.984638233501307e-05,9.116656012618198e-05
323,2.4419193132466943e-05,3.6547457896701344e-05,0.00010097657768354964,9.864207738876127e-05
324,2.455882870322685e-05,4.2522678855815546e-05,0.00010450979891947247,9.501284596178896e-05
325,2.6883975218507802e-05,3.869819045995917e-05,0.00010373578049576133,9.092080500312687e-05
326,2.6308763128668662e-05,3.720897005293339e-05,0.00010081138657750665,9.150446455280941e-05
327,2.4504816114261892e-05,3.207553639255751e-05,0.00010091407552075979,9.498934251986121e-05
328,2.4352298646464878e-05,3.426090202433093e-05,9.986687502898563e-05,9.122817153603627e-05
329,2.4108062778456133e-05,3.301562376761397e-05,9.949980888160612e-05,9.100144975841082e-05
330,2.4060833090430676e-05,3.0790784806483243e-05,9.988144617062712e-05,9.127355350266534e-05
331,2.430541945056339e-05,3.2787422451992126e-05,0.00010010626720438201,9.481654692186006e-05
332,2.4171642322089712e-05,3.6815110853729915e-05,0.0001016148276934036,9.132410293834534e-05
333,2.408008795753842e-05,3.659791743232815e-05,0.0001002095409069996,9.144642787689988e-05
334,2.4027257756909257e-05,3.39616109648397e-05,9.949608749349721e-05,9.176364801533055e-05
335,2.435165592012618e-05,3.1003710598899765e-05,0.00010365734449389401,9.129331892136879e-05
336,2.404248882348788e-05,3.3433145710240264e-05,0.00010047095815807857,8.852065086382657e-05
337,2.3799602856659535e-05,3.096229927625525e-05,9.951698932798018e-05,9.356909420323343e-05
338,2.3718077520333688e-05,2.989770501489357e-05,0.00010418086998846236,9.20141683309339e-05
339,2.3846798187392045e-05,3.169064187274601e-05,0.00010179336904353,9.290621878440456e-05
340,3.5394267516137674e-05,4.1729921646877374e-05,0.00010052455135789576,9.246342219389939e-05
341,3.0853773811303057e-05,3.39374255418079e-05,0.00010063716234976176,9.369873525709129e-05
342,2.6511833261566955e-05,2.9816939926464467e-05,9.975228113543071e-05,9.870346464315214e-05
343,2.509720921224576e-05,3.3169275481598633e-05,0.00010037611141672759,9.178718084093326e-05
344,2.4247088304388616e-05,3.137512046053486e-05,9.912818479390722e-05,9.168383691688247e-05
345,2.4603461346718306e-05,2.773410338145018e-05,9.841995076217829e-05,9.336867585191682e-05
346,2.4250460791140114e-05,3.06976899082656e-05,0.00010910319335441308,9.047908189621431e-05
347,2.420728067098538e-05,2.990950235051479e-05,0.00010504281110430719,9.746892604967937e-05
348,2.424719129335772e-05,3.013422142080694e-05,0.00010260421281625835,9.256981418450148e-05
349,2.4251894210063267e-05,3.0422300999187148e-05,0.00010243356693698634,9.658436241667144e-05
350,2.3817751858607243e-05,2.9807934109927512e-05,0.00010109920636832053,9.270233791679717e-05
351,2.389950857340012e-05,3.021275992628384e-05,0.0001066102077303241,8.706652722769202e-05
352,2.3806418775774097e-05,2.8088715155788053e-05,0.00010030807607108727,9.020983648392408e-05
353,2.3711260164117e-05,2.9516288402821654e-05,9.934297898900045e-05,8.902701008012697e-05
354,2.3806329263406046e-05,3.1778363126459924e-05,9.845592266982083e-05,8.995110483038634e-05
355,2.4137543591954333e-05,2.936077383380437e-05,9.853480931361045e-05,9.026209898785545e-05
356,2.5274429450563133e-05,3.490505395557893e-05,9.776068156761997e-05,9.00896719450919e-05
357,2.4934136887590366e-05,2.8266173523241796e-05,9.818463897633017e-05,9.125577959751424e-05
358,2.387776078131482e-05,2.938674795307004e-05,9.942095975574319e-05,9.242664544637172e-05
359,2.3674734942315953e-05,2.907090954697476e-05,9.865498116357622e-05,9.19023493154852e-05
360,2.3602763159430163e-05,2.8461574821938903e-05,0.00010948421011399868,9.026629413710907e-05
361,2.3536273705085177e-05,2.9671841450460935e-05,0.00010413529918227974,9.214637737806278e-05
362,2.3475581485540438e-05,2.7766396949748294e-05,0.0001001153846296375,9.179741797337416e-05
363,2.3824973256588986e-05,2.956478692794917e-05,9.917667894978623e-05,9.499782782558423e-05
364,2.378526819006891e-05,2.875571863114601e-05,9.784955633303421e-05,9.644708118755191e-05
365,2.3563937016530283e-05,2.8337171338185166e-05,9.729329878467593e-05,9.119738821867101e-05
366,2.3294521149549213e-05,2.78273940309121e-05,0.00011201622816145436,8.721990889171138e-05
367,2.3436067779720517e-05,2.6638038399631532e-05,0.00010150925182088997,8.626141383361895e-05
368,2.351111597114613e-05,2.7943971802484997e-05,9.876944431345701e-05,8.556851809351848e-05
369,2.333850581072707e-05,2.6902942164060034e-05,9.899162391038721e-05,8.700852959009353e-05
370,2.341871987176076e-05,2.8346851090296135e-05,9.874173655228652e-05,8.605890154565434e-05
371,2.3602951078119982e-05,2.9380818957109183e-05,9.7635187232716e-05,8.805558606512092e-05
372,2.3487393178654518e-05,2.6865672645306822e-05,9.998985417915622e-05,8.823917722530986e-05
373,2.3312558459517745e-05,2.9566400861278034e-05,0.0001050426413590614,8.965347674697674e-05
374,2.3227883980200094e-05,2.7136326585045586e-05,9.859091629581162e-05,8.689946494436859e-05
375,2.3344133316731537e-05,2.4732520859498225e-05,9.780849891717353e-05,8.516087823059374e-05
376,2.3143271884179252e-05,2.6549256010464607e-05,9.753929757023381e-05,9.627924093645281e-05
377,2.314030037404492e-05,2.5129815500034827e-05,9.927957131499398e-05,8.576413935001116e-05
378,2.331378690044438e-05,2.5956826693100782e-05,9.74655034260853e-05,8.964259345353079e-05
379,2.3121016940763812e-05,2.5993768094150044e-05,9.751818698893338e-05,8.860958965110163e-05
380,2.317921657953202e-05,2.639660988279502e-05,9.696338934724365e-05,9.052326081123632e-05
381,2.3144405164825986e-05,2.5074073759102386e-05,0.00010082445480709885,9.62340888620999e-05
382,2.3158573413985518e-05,2.644334087493077e-05,0.00010190854495272233,9.024398731036435e-05
383,2.327619226864386e-05,2.7686861358233728e-05,0.0001157033557167235,0.00010239967279910791
384,2.3697554269904923e-05,2.801091795845423e-05,0.0001039955785210887,8.765878500036287e-05
385,2.5652625702690714e-05,2.769066780344404e-05,9.836797207296702e-05,8.864250118606903e-05
386,2.332915772269229e-05,2.7105612704102757e-05,0.00010055807844216041,0.00010435241934968732
387,2.3140208545229038e-05,2.5878626309769552e-05,0.00010023737937119639,8.700556393775444e-05
388,2.2885628396021947e-05,2.6913413561347763e-05,9.967555303250793e-05,9.052306072240193e-05
389,2.2964392390862064e-05,2.440537033320512e-05,9.791463566846448e-05,8.61041626194492e-05
390,2.307484786928077e-05,2.6009585536275364e-05,9.77969482531654e-05,8.890543694388516e-05
391,2.6843517065250497e-05,2.695533546032563e-05,9.751896017121135e-05,8.823863656569022e-05
392,2.4355427458983953e-05,2.4635548785366925e-05,9.781789567416492e-05,8.587489397681426e-05
393,2.611531435430162e-05,2.7426750386019612e-05,9.658312524279303e-05,8.911379602348182e-05
394,2.3520616196037736e-05,2.5115732919053138e-05,9.668711603371369e-05,8.893180977163586e-05
395,2.327518451334047e-05,2.6075973927128452e-05,9.676814233746338e-05,8.755285447338023e-05
396,2.3058808495566982e-05,2.466488981903799e-05,9.728966976871047e-05,8.802543645567942e-05
397,2.3301541197463583e-05,2.4373995354555798e-05,9.706916368267936e-05,8.791149887726463e-05
398,2.2973557906628917e-05,2.4221741498947198e-05,9.752202521916609e-05,9.006090826565363e-05
399,2.293154727606468e-05,2.3797748221673268e-05,9.600677538137003e-05,8.825407852642596e-05
400,2.285963928342883e-05,2.428184699545874e-05,9.674263541120385e-05,8.791738680604164e-05
401,2.306053126193853e-05,2.4608979611702336e-05,9.729532333004402e-05,8.8975543034254e-05
402,2.3395239487243752e-05,2.3130311092245393e-05,9.614983023997584e-05,8.710725160199217e-05
403,2.310032696136433e-05,2.4279912815053158e-05,0.0001542246102785637,8.828080339858738e-05
404,2.2858226526617356e-05,2.4094065058586868e-05,0.0001040798360410318,8.801047400853489e-05
405,2.2914249134047062e-05,2.463422826902108e-05,0.00010555378091781708,8.813634569658182e-05
406,2.287128548870585e-05,2.3816896723124395e-05,9.969783166921619e-05,8.788648749312136e-05
407,2.2779383591656994e-05,2.308342985858102e-05,9.761881768978565e-05,8.52005026759938e-05
408,2.286294472886369e-05,2.4834159166158104e-05,9.734228394575047e-05,8.443264372405023e-05
409,2.3340408543990833e-05,2.424005120141933e-05,9.805910456268761e-05,8.612071906100027e-05
410,2.291693017368291e-05,2.4315377721415225e-05,9.791911056531234e-05,8.741631357294794e-05
411,2.2837822103430065e-05,2.5290458569753144e-05,9.776560999238447e-05,8.978157571758717e-05
412,2.261076101277362e-05,2.4890515830450637e-05,9.6842773115118e-05,8.868633897061675e-05
413,2.2628949977215044e-05,2.436285212052798e-05,9.614783766410865e-05,8.699751700847768e-05
414,2.2583408421902398e-05,2.302728881449394e-05,9.583717608153196e-05,8.655702745622526e-05
415,2.2821503100294146e-05,2.3455168642473065e-05,9.680744004874833e-05,9.951273946521374e-05
416,2.2517093419695843e-05,2.491791079032387e-05,9.86240710461559e-05,8.740466630395252e-05
417,2.2907017565804123e-05,2.5074701905116224e-05,9.647203104420274e-05,8.866181745431207e-05
418,2.2715746408168585e-05,2.3404949598233754e-05,9.633119256829442e-05,8.762449257259365e-05
419,2.245412592328548e-05,2.4925388620781283e-05,9.56221965121108e-05,8.602496494019691e-05
420,2.258682439355527e-05,2.402929682760329e-05,9.56708501293402e-05,8.841765926403101e-05
421,2.2724067455592427e-05,2.3482468245324875e-05,9.557804356243945e-05,8.857005881369472e-05
422,2.2866781404626542e-05,2.4695008120873423e-05,9.578897253715553e-05,8.947888090915512e-05
423,2.353404902074665e-05,2.481550542982474e-05,9.550241760450399e-05,8.872686311616025e-05
424,2.2715023063415552e-05,2.4514824627448645e-05,9.561467067209754e-05,8.757053547014948e-05
425,2.2997629774241705e-05,2.3437527488567866e-05,0.00010131836392267675,8.744962934332971e-05
426,2.273869137164721e-05,2.4779293758351392e-05,9.921145672645217e-05,8.647507344833754e-05
427,2.249698747156538e-05,2.3265594441349654e-05,0.00010063385028507841,8.725448242330458e-05
428,2.2712268811968624e-05,2.3561034210545655e-05,9.654612959978462e-05,8.697166021402854e-05
429,2.257868458681871e-05,2.3259011973445573e-05,9.63432687678109e-05,8.711276957630896e-05
430,2.2424147739293805e-05,2.42733902688577e-05,9.566212024028522e-05,8.577631020811028e-05
431,2.2774539708297506e-05,2.2151887606014498e-05,9.54563226245146e-05,8.695777950589008e-05
432,2.2448900464187517e-05,2.2751748964275557e-05,9.535738372607495e-05,8.645312734118376e-05
433,2.229029240935027e-05,2.2845024362210937e-05,9.581202844124647e-05,8.47341256863169e-05
434,2.2336080970359355e-05,2.366730261481e-05,0.00010107254207702666,8.606756833055093e-05
435,2.2326734641015992e-05,2.2303280694849e-05,0.00011026232551156372,8.95196103206567e-05
436,2.2591747028603782e-05,2.3225003482926135e-05,0.00011381755332841652,8.953288894330259e-05
437,2.241812719590769e-05,2.318146971447277e-05,9.911483530180826e-05,8.644259665183759e-05
438,2.2579307630888088e-05,2.341466114767872e-05,9.717009605123797e-05,8.599176180723589e-05
439,4.060640929019026e-05,3.087120848459353e-05,9.743365617345384e-05,8.272968751463431e-05
440,2.7394122625188194e-05,2.502254189424163e-05,9.995575020087794e-05,8.236714991373726e-05
441,2.4108016268605526e-05,2.5259796075260965e-05,9.850056652306819e-05,8.501511099613988e-05
442,2.350130820639968e-05,2.4814771537561544e-05,9.703322955717426e-05,8.609339210334628e-05
443,2.326504727534484e-05,2.3762054227588054e-05,9.653087943651214e-05,8.434467753641702e-05
444,2.3006383630597273e-05,2.497821088372103e-05,9.572134224692095e-05,8.485109831851262e-05
445,2.2819343432264712e-05,2.4270393099029137e-05,9.78339567002333e-05,8.40471286490076e-05
446,2.267456669397382e-05,2.4305143702244655e-05,9.58247331574926e-05,8.439559944515798e-05
447,2.2651497813098283e-05,2.3460746223673385e-05,9.531011384152209e-05,8.552973290184476e-05
448,2.2603718518932e-05,2.4436322816584903e-05,9.552007991031681e-05,8.549152908716888e-05
449,2.2844844854704378e-05,2.3019727310523965e-05,9.58585110590559e-05,8.630356051771042e-05
450,2.249281200148887e-05,2.304790961296441e-05,9.497187664379839e-05,8.516148549321e-05
451,2.2357926173849568e-05,2.4827863923676956e-05,9.612192448333306e-05,8.870563746873253e-05
452,2.2421674808125188e-05,2.3968624575970283e-05,9.552065464999663e-05,8.5709622698442e-05
453,2.2314702684364607e-05,2.3631304919455524e-05,9.695162394086638e-05,8.916202890619528e-05
454,2.2410561958680352e-05,2.3830514762196868e-05,9.957416225829573e-05,9.281897165727479e-05
455,2.236703973284727e-05,2.318067079333839e-05,9.851562149556713e-05,8.552968630773158e-05
456,2.245639648685812e-05,2.3489736612156357e-05,9.619305898043895e-05,8.351696165986001e-05
457,2.2378025634921135e-05,2.3674902492460275e-05,9.520407555954578e-05,8.293555164038061e-05
458,2.2145280285288345e-05,2.3245339399671557e-05,9.466546098896765e-05,8.558540209308446e-05
459,2.2265744715213817e-05,2.3013626175200512e-05,0.00010367038097754823,8.760903508048684e-05
460,2.2260192295282986e-05,2.4172287164849247e-05,9.811386498463257e-05,8.604919206006273e-05
461,2.3593395409225395e-05,2.3177238535236727e-05,9.555757125334257e-05,8.4599567764179e-05
462,2.257707472089858e-05,2.3481811135402844e-05,9.51758492949377e-05,8.510662113482025e-05
463,2.2290304122235077e-05,2.3189103908057754e-05,9.606684255755153e-05,8.731836365208997e-05
464,2.217721099361008e-05,2.271875484019312e-05,9.880026760715965e-05,8.589449092911449e-05
465,2.2195958061184277e-05,2.245904509506475e-05,9.479324048266007e-05,8.546436667809478e-05
466,2.2153185083116313e-05,2.3793857018552863e-05,9.47095342892594e-05,8.684408595189989e-05
467,2.202977589275289e-05,2.3767398383475105e-05,9.506648518899507e-05,8.213446380977985e-05
468,2.220171777053462e-05,2.211099039274044e-05,9.457755780778175e-05,8.194223314953539e-05
469,2.214421051601334e-05,2.3271250938705634e-05,9.472615176349405e-05,8.461534483873178e-05
470,2.2076592117452156e-05,2.300634790886901e-05,9.460416848461701e-05,8.749591045041318e-05
471,2.221896114187683e-05,2.3662489953634438e-05,9.443521030232903e-05,8.626885923709218e-05
472,2.29970900971701e-05,2.4441257804797853e-05,9.451896992727319e-05,8.53077127920607e-05
473,2.25473824473698e-05,2.2369943753102023e-05,9.425642673191536e-05,8.370695510306038e-05
474,2.223332322395416e-05,2.4119221402193383e-05,9.517137204051699e-05,8.307323108825725e-05
475,2.2134488248793685e-05,2.2985201982149963e-05,9.545579123572192e-05,8.519255858957946e-05
476,2.2094561742925476e-05,2.2933360609246076e-05,9.86853951745011e-05,9.795870853570075e-05
477,2.8850621740114735e-05,2.8388231979848708e-05,0.00010389000846121159,8.327277240683683e-05
478,2.6430887695452074e-05,2.2743850177693486e-05,9.578670006048314e-05,8.328069032778821e-05
479,2.3552763396759907e-05,2.3325419323765134e-05,9.62335956572326e-05,8.268923570890016e-05
480,2.2898157177972467e-05,2.3414599337019565e-05,9.470419188689534e-05,8.419946075614112e-05
481,2.2562152008197684e-05,2.3710629158393622e-05,9.432235308636667e-05,8.625274411035486e-05
482,2.2679872279052524e-05,2.3626349537572914e-05,9.444532548900116e-05,8.381810738893154e-05
483,2.2355925210133176e-05,2.3244591760046136e-05,9.655099105728561e-05,8.353021341743163e-05
484,2.244121854280981e-05,2.203183979732925e-05,0.00010647297963336131,0.00010864678216211569
485,2.22388361637752e-05,2.2816785706079547e-05,0.00010217410862571351,8.400984426351407e-05
486,2.2159427533159997e-05,2.263966084333683e-05,9.636589142724133e-05,8.289846930263314e-05
487,2.208243409587435e-05,2.376573187435637e-05,9.516204599038745e-05,8.325600720127113e-05
488,2.2355843187278125e-05,2.305762196696238e-05,9.50735879462998e-05,8.354132562369789e-05
489,2.214986580431729e-05,2.3710993166157725e-05,9.461815687896054e-05,8.491428287435646e-05
490,2.1973632734564123e-05,2.3019813922404024e-05,9.66257883283614e-05,8.197155483895376e-05
491,2.202264430862916e-05,2.2504799919540976e-05,9.417375780960062e-05,8.1470409965662e-05
492,2.193332127626993e-05,2.419577063287411e-05,9.418255011336461e-05,8.255702162456985e-05
493,2.1952493791396084e-05,2.2392437585949665e-05,9.379401499296241e-05,8.364308814634569e-05
494,2.231082772942696e-05,2.2773313293537984e-05,9.934628965133442e-05,8.280153032011675e-05
495,2.1937060945126895e-05,2.2366106664916377e-05,0.00013580138207473089,9.19751398144469e-05
496,2.1928969630537406e-05,2.259692638080406e-05,0.00010294039553150342,8.696169075287449e-05
497,2.1907405159420088e-05,2.2206931869452372e-05,9.827613682608385e-05,8.463753902805575e-05
498,2.2433850781503906e-05,2.2294545837772042e-05,9.640262023771479e-05,8.449623503390915e-05
499,2.2010659439684127e-05,2.1897493752476294e-05,9.642849746550427e-05,8.357848337954447e-05
500,2.096569707987956e-05,2.061416297202903e-05,9.376170407078624e-05,8.871673988044047e-05
501,2.0802906683507216e-05,2.051393035939187e-05,9.289570301124051e-05,8.667833781845939e-05
502,2.0801555056296816e-05,2.0447281783092945e-05,9.241502459454298e-05,8.720730105638862e-05
503,2.0767410140412534e-05,2.0585289103809584e-05,9.198417528903153e-05,8.590191100665834e-05
504,2.0834288293196215e-05,2.063775655887394e-05,9.198259585748385e-05,8.649529235509153e-05
505,2.07762870800428e-05,2.0526761755508443e-05,9.15590097461749e-05,8.468164294474543e-05
506,2.0722285741678046e-05,2.0578960699752384e-05,9.189720430434812e-05,8.416775227278077e-05
507,2.077319448651715e-05,2.0570508170819197e-05,9.169220606836767e-05,8.396559748619508e-05
508,2.0780879864979694e-05,2.0546725653940273e-05,9.176702583800512e-05,8.377459492364254e-05
509,2.073681824095322e-05,2.0416242128144055e-05,9.220539443923274e-05,8.460446728209857e-05
510,2.0724290712698438e-05,2.038695982684238e-05,9.157954329119438e-05,8.41018572828034e-05
511,2.0987356053023708e-05,2.040931643093175e-05,9.125917041888877e-05,8.433560385758308e-05
512,2.0703369128714457e-05,2.0652770847216463e-05,9.123677719601003e-05,8.33974883370012e-05
513,2.0769029739433423e-05,2.027802286018134e-05,9.103604295572615e-05,8.308108618411307e-05
514,2.0701754672609744e-05,2.03100508910071e-05,9.162703399496366e-05,8.401475035777996e-05
515,2.072841170856466e-05,2.0326988200954824e-05,9.105582461791898e-05,8.316380136910503e-05
516,2.079178512100264e-05,2.0556805198933805e-05,9.117769483491836e-05,8.306894205116596e-05
517,2.0717716993027926e-05,2.037413850512866e-05,9.072698604698584e-05,8.276225903850551e-05
518,2.077283104791197e-05,2.053008235564518e-05,9.099537077946485e-05,8.310229616024747e-05
519,2.0694922704179835e-05,2.0425561545450295e-05,9.066193784777643e-05,8.466667755923342e-05
520,2.0627935030144668e-05,2.027356941443241e-05,9.03625081487744e-05,8.414104181261231e-05
521,2.0643262234333137e-05,2.0423981438328225e-05,9.077565956131722e-05,8.278968170298658e-05
522,2.074550391535515e-05,2.0338103870297065e-05,9.072831899022642e-05,8.341437975244704e-05
523,2.0693357627105145e-05,2.0379525337305564e-05,8.99639809842341e-05,8.28756209767352e-05
524,2.0686906588722718e-05,1.994313228911219e-05,9.023492571565469e-05,8.350732773228978e-05
525,2.069710098670166e-05,2.020684143224991e-05,9.048727165641622e-05,8.340200390823436e-05
526,2.0686289237788686e-05,2.046777154436523e-05,9.015425225520147e-05,8.314477613916657e-05
527,2.0671028265918803e-05,2.025728165860458e-05,9.009504986113307e-05,8.302949866517268e-05
528,2.064388355237251e-05,2.0191963987879437e-05,9.023038917640614e-05,8.37313379564036e-05
529,2.060750331960391e-05,1.99916069225135e-05,9.051678747272993e-05,8.358787146370069e-05
530,2.0634248950894926e-05,2.0813992250623414e-05,9.020285181084637e-05,8.316915367546384e-05
531,2.1300469472297168e-05,2.0809763974774305e-05,9.004228234023777e-05,8.354221874749503e-05
532,2.0646980497403198e-05,2.0516573176092396e-05,8.971638309358952e-05,8.342762857165116e-05
533,2.0681700937514893e-05,2.0281915602446625e-05,8.98760659542122e-05,8.305490113203772e-05
534,2.058303143260457e-05,2.0334235194660814e-05,8.993870804708077e-05,8.26845705607691e-05
535,2.062048563540824e-05,2.01941561849358e-05,9.028632873028657e-05,8.36853200430946e-05
536,2.065970902649949e-05,2.044552551384326e-05,8.954438095955911e-05,8.389362161464166e-05
537,2.0703916739996745e-05,2.065501254177294e-05,8.971332091130525e-05,8.316681305586826e-05
538,2.058563180609017e-05,2.0178059597898166e-05,8.961074214393544e-05,8.372525763451659e-05
539,2.061756566498195e-05,2.0302057516976045e-05,8.938269562532803e-05,8.322130759972005e-05
540,2.061460706113017e-05,2.0114376394093808e-05,8.960264841339801e-05,8.27506974019343e-05
541,2.0575981868823472e-05,2.012758026327132e-05,8.952474211343934e-05,8.26950392645533e-05
542,2.061185582458281e-05,2.0275389523214053e-05,8.945485584954237e-05,8.314616640675992e-05
543,2.0520459817631108e-05,2.054602324418598e-05,8.985071686339075e-05,8.315965001551936e-05
544,2.0619709658046066e-05,2.038538356758251e-05,8.988302365981443e-05,8.441591797656237e-05
545,2.0565799816858245e-05,2.042778172695902e-05,8.946947330936098e-05,8.328072209014163e-05
546,2.0632083936443603e-05,2.0177796439104266e-05,8.927692332228272e-05,8.382434484351856e-05
547,2.0531784614515287e-05,2.0193984920087343e-05,8.934757616318887e-05,8.412880183291585e-05
548,2.0531682019995544e-05,2.0415404903290506e-05,8.919772651539492e-05,8.350026123830154e-05
549,2.0590742613582546e-05,2.0072038156425922e-05,8.9188823100848e-05,8.302890161688153e-05
550,2.078386912282279e-05,2.010381208842423e-05,8.926135594351738e-05,8.411139032642286e-05
551,2.0579746001077983e-05,2.019720851911608e-05,8.911461410517206e-05,8.319940948590207e-05
552,2.0589862064429006e-05,2.006111085742864e-05,8.899922420559503e-05,8.320137945142611e-05
553,2.053806328103998e-05,2.0234247515942956e-05,8.908443339234061e-05,8.340720020127125e-05
554,2.058262732049186e-05,2.0208181782576365e-05,8.927435088511193e-05,8.310747860098042e-05
555,2.0549630161797055e-05,2.032568814823977e-05,8.868290369617414e-05,8.377375217185964e-05
556,2.0557642310148828e-05,2.033469102640923e-05,8.900960039184169e-05,8.431006426690146e-05
557,2.052719687953516e-05,2.0499246287587223e-05,8.878727360919909e-05,8.338290004198476e-05
558,2.06313390527456e-05,2.0335243194634902e-05,8.892119998634564e-05,8.432128015556373e-05
559,2.0532189970274065e-05,2.066033486978715e-05,8.88325156355875e-05,8.364593626398486e-05
560,2.0502842221880532e-05,2.0344130147210446e-05,8.866402880527994e-05,8.43141175349816e-05
561,2.054660633561804e-05,2.0111523484117173e-05,8.868883732090413e-05,8.322935606814169e-05
562,2.0495590011625246e-05,2.0537462170558192e-05,8.864872744609342e-05,8.389370416877612e-05
563,2.0552381287798097e-05,2.0330937611736143e-05,8.896529972803643e-05,8.311747296829708e-05
564,2.0495222088356968e-05,2.004116857698626e-05,8.862730294177257e-05,8.21754233934021e-05
565,2.0532573621268404e-05,2.0102374282242425e-05,8.864452740972258e-05,8.278989144645703e-05
566,2.0520718448277782e-05,1.9937779283142074e-05,8.875405290778648e-05,8.289052535614106e-05
567,2.0558641937785482e-05,2.0158611977631852e-05,8.851011305564219e-05,8.262063658129101e-05
568,2.0510979762417585e-05,2.0185154496105566e-05,8.879356105277294e-05,8.391752957182829e-05
569,2.0517202193528163e-05,2.0000450534168453e-05,8.882355234681957e-05,8.302708556584548e-05
570,2.052321662671783e-05,2.010292281248929e-05,8.848974799578646e-05,8.294359143362202e-05
571,2.0531073058019548e-05,2.0045607365878263e-05,8.890097197057425e-05,8.29502437577153e-05
572,2.0516080726262888e-05,2.0042043056142014e-05,8.871479779540421e-05,8.342492275495225e-05
573,2.0480592396257103e-05,2.0195520007221672e-05,8.863856077897259e-05,8.347553095798223e-05
574,2.045172756945088e-05,2.0393861387464523e-05,8.837997718820187e-05,8.2436949714275e-05
575,2.0490340182089148e-05,2.006560960300983e-05,8.827920326479847e-05,8.274294878691972e-05
576,2.050702457095288e-05,1.9908500864683167e-05,8.827302040803434e-05,8.21909304179896e-05
577,2.0438945952998102e-05,2.0101871646497435e-05,8.837388231361795e-05,8.301775387036077e-05
578,2.0444921491470978e-05,2.0218804680693072e-05,8.832507523058982e-05,8.309161533431437e-05
579,2.043433508871349e-05,2.037715592870462e-05,8.8246893460437e-05,8.22760119682733e-05
580,2.043953040635306e-05,2.030436567460688e-05,8.80822569327611e-05,8.196885769743509e-05
581,2.0488736768054085e-05,1.995620459638303e-05,8.838176947199562e-05,8.250821226213772e-05
582,2.0472851764735217e-05,2.0116622636123793e-05,8.830165087444417e-05,8.252382926562299e-05
583,2.046396574774485e-05,2.0108816583020736e-05,8.808771203117257e-05,8.251547254845858e-05
584,2.0472385073357227e-05,2.0074762687727343e-05,8.839552399917642e-05,8.235479981522076e-05
585,2.04031993089101e-05,2.021618113828411e-05,8.810068132400034e-05,8.23575322171494e-05
586,2.0448218748941105e-05,2.000960655725346e-05,8.803037874525485e-05,8.271227964612011e-05
587,2.042418744177712e-05,2.0266012527897077e-05,8.807414407743005e-05,8.217320324687395e-05
588,2.0470680765708256e-05,2.0537151298273013e-05,8.813775594569951e-05,8.305328475006927e-05
589,2.052079071290791e-05,2.0514531815234266e-05,8.824859739622029e-05,8.210220011488463e-05
590,2.0470234485200312e-05,2.0245742129750746e-05,8.807214003888105e-05,8.296717519092803e-05
591,2.0428221598486236e-05,2.0545049770029997e-05,8.79871312255045e-05,8.31492936693114e-05
592,2.0446433152062646e-05,2.0250645915299312e-05,8.797499273322242e-05,8.207241472309061e-05
593,2.049086490023408e-05,2.0350012549058123e-05,8.801058210434481e-05,8.314983264986389e-05
594,2.0466568236684977e-05,2.0233263232792244e-05,8.810488981511522e-05,8.263824383902829e-05
595,2.043019170219317e-05,2.0463874254626437e-05,8.789663286469929e-05,8.261599214165471e-05
596,2.0452547154822823e-05,2.0115378552313465e-05,8.793962944520757e-05,8.245307827354946e-05
597,2.0423679833187213e-05,2.0017198984043298e-05,8.848948376471119e-05,8.314473989930075e-05
598,2.0431561453974785e-05,2.046467188147989e-05,8.785118601400686e-05,8.300490550866995e-05
599,2.043491234148332e-05,2.032945775891466e-05,8.792272952967974e-05,8.314907972817309e-05
